task,hops,terminal,variant,total_pages,relevant_pages,distractor_pages,condition,ratio,n,clean_hit,exact_match,semantic_correct,rank_correct,rank_margin,raw_context_tokens_available,raw_context_tokens_supplied,compiled_state_positions,active_prompt_positions,supplied_pages,supplied_relevant_pages,supplied_distractor_pages
chain,2,hash,base,2,2,0,BUDGET,4,6,0.0,0.0,0.0,0.3333333333333333,-0.459555705388387,235.83333333333334,59.833333333333336,0.0,156.33333333333334,1.0,1.0,0.0
chain,2,hash,base,2,2,0,INDEPENDENT,4,6,0.0,0.0,0.0,0.6666666666666666,0.014216730991999308,235.83333333333334,0.0,59.833333333333336,156.33333333333334,2.0,2.0,0.0
chain,2,hash,base,2,2,0,INDEPENDENT_LOO_0,4,6,0.0,0.0,0.0,0.5,-0.08806813756624858,235.83333333333334,0.0,37.0,133.5,1.0,1.0,0.0
chain,2,hash,base,2,2,0,INDEPENDENT_LOO_1,4,6,0.0,0.0,0.0,0.3333333333333333,-0.26044201850891113,235.83333333333334,0.0,22.833333333333332,119.33333333333333,1.0,1.0,0.0
chain,2,hash,base,2,2,0,JOINT,4,6,0.0,0.0,0.0,0.6666666666666666,0.5663255658000708,235.83333333333334,0.0,59.5,156.0,2.0,2.0,0.0
chain,2,hash,base,2,2,0,NATIVE,4,6,1.0,0.8333333333333334,1.0,1.0,1.9444262766175893,235.83333333333334,235.83333333333334,0.0,332.3333333333333,2.0,2.0,0.0
chain,2,hash,base,2,2,0,NATIVE_LOO_0,4,6,0.3333333333333333,0.0,0.3333333333333333,0.5,-0.3376666020615981,235.83333333333334,146.0,0.0,242.5,1.0,1.0,0.0
chain,2,hash,base,2,2,0,NATIVE_LOO_1,4,6,0.0,0.0,0.0,0.3333333333333333,-0.4588337739308675,235.83333333333334,89.83333333333333,0.0,186.33333333333334,1.0,1.0,0.0
chain,2,hash,base,2,2,0,NOCTX,4,6,0.0,0.0,0.0,0.3333333333333333,-0.3827911615371704,235.83333333333334,0.0,0.0,92.5,0.0,0.0,0.0
chain,2,hash,base,2,2,0,RANDOM,4,6,0.0,0.0,0.0,0.3333333333333333,-0.31492578983306885,235.83333333333334,0.0,59.833333333333336,156.33333333333334,2.0,0.0,2.0
chain,2,hash,base,2,2,0,WRONGPAGE,4,6,0.0,0.0,0.0,0.3333333333333333,-0.4131952126820882,235.83333333333334,0.0,59.833333333333336,156.33333333333334,2.0,0.0,2.0
chain,2,identifier,base,2,2,0,BUDGET,4,6,0.0,0.0,0.0,0.0,-0.6220409075419108,216.83333333333334,55.0,0.0,151.33333333333334,1.0,1.0,0.0
chain,2,identifier,base,2,2,0,INDEPENDENT,4,6,0.0,0.0,0.0,0.3333333333333333,-1.2175563077131908,216.83333333333334,0.0,55.0,151.33333333333334,2.0,2.0,0.0
chain,2,identifier,base,2,2,0,INDEPENDENT_LOO_0,4,6,0.0,0.0,0.0,0.3333333333333333,-1.3197035243113835,216.83333333333334,0.0,31.833333333333332,128.16666666666666,1.0,1.0,0.0
chain,2,identifier,base,2,2,0,INDEPENDENT_LOO_1,4,6,0.0,0.0,0.0,0.3333333333333333,-0.38281957308451336,216.83333333333334,0.0,23.166666666666668,119.5,1.0,1.0,0.0
chain,2,identifier,base,2,2,0,JOINT,4,6,0.0,0.0,0.0,0.16666666666666666,-1.0464178308223684,216.83333333333334,0.0,54.666666666666664,151.0,2.0,2.0,0.0
chain,2,identifier,base,2,2,0,NATIVE,4,6,1.0,0.6666666666666666,1.0,1.0,3.134295185407003,216.83333333333334,216.83333333333334,0.0,313.1666666666667,2.0,2.0,0.0
chain,2,identifier,base,2,2,0,NATIVE_LOO_0,4,6,0.8333333333333334,0.6666666666666666,0.8333333333333334,0.8333333333333334,0.5694433345845198,216.83333333333334,126.0,0.0,222.33333333333334,1.0,1.0,0.0
chain,2,identifier,base,2,2,0,NATIVE_LOO_1,4,6,0.0,0.0,0.0,0.0,-0.6825129985809326,216.83333333333334,90.83333333333333,0.0,187.16666666666666,1.0,1.0,0.0
chain,2,identifier,base,2,2,0,NOCTX,4,6,0.0,0.0,0.0,0.0,-0.5434519449869791,216.83333333333334,0.0,0.0,92.33333333333333,0.0,0.0,0.0
chain,2,identifier,base,2,2,0,RANDOM,4,6,0.0,0.0,0.0,0.3333333333333333,-0.3607957760492961,216.83333333333334,0.0,55.0,151.33333333333334,2.0,0.0,2.0
chain,2,identifier,base,2,2,0,WRONGPAGE,4,6,0.0,0.0,0.0,0.0,-1.0095213254292805,216.83333333333334,0.0,55.0,151.33333333333334,2.0,0.0,2.0
chain,2,number,base,2,2,0,BUDGET,4,6,0.0,0.0,0.0,0.3333333333333333,-0.4226087729136149,211.5,53.833333333333336,0.0,150.5,1.0,1.0,0.0
chain,2,number,base,2,2,0,INDEPENDENT,4,6,0.0,0.0,0.0,0.0,-1.0372659961382549,211.5,0.0,53.833333333333336,150.5,2.0,2.0,0.0
chain,2,number,base,2,2,0,INDEPENDENT_LOO_0,4,6,0.0,0.0,0.0,0.0,-1.1978269517421722,211.5,0.0,30.166666666666668,126.83333333333333,1.0,1.0,0.0
chain,2,number,base,2,2,0,INDEPENDENT_LOO_1,4,6,0.0,0.0,0.0,0.3333333333333333,-0.07178632418314616,211.5,0.0,23.666666666666668,120.33333333333333,1.0,1.0,0.0
chain,2,number,base,2,2,0,JOINT,4,6,0.0,0.0,0.0,0.16666666666666666,-1.8469198147455852,211.5,0.0,53.166666666666664,149.83333333333334,2.0,2.0,0.0
chain,2,number,base,2,2,0,NATIVE,4,6,1.0,1.0,1.0,1.0,4.517605622609456,211.5,211.5,0.0,308.1666666666667,2.0,2.0,0.0
chain,2,number,base,2,2,0,NATIVE_LOO_0,4,6,0.0,0.0,0.0,0.0,-1.8521789101117367,211.5,119.16666666666667,0.0,215.83333333333334,1.0,1.0,0.0
chain,2,number,base,2,2,0,NATIVE_LOO_1,4,6,0.0,0.0,0.0,0.16666666666666666,-0.42752234141031903,211.5,92.33333333333333,0.0,189.0,1.0,1.0,0.0
chain,2,number,base,2,2,0,NOCTX,4,6,0.0,0.0,0.0,0.0,-0.4525643587112427,211.5,0.0,0.0,92.66666666666667,0.0,0.0,0.0
chain,2,number,base,2,2,0,RANDOM,4,6,0.0,0.0,0.0,0.5,-0.07861967881520589,211.5,0.0,53.833333333333336,150.5,2.0,0.0,2.0
chain,2,number,base,2,2,0,WRONGPAGE,4,6,0.0,0.0,0.0,0.5,-0.0682973066965739,211.5,0.0,53.833333333333336,150.5,2.0,0.0,2.0
chain,2,semantic,base,2,2,0,BUDGET,4,24,0.0,0.0,0.0,0.25,-1.2694144248962402,194.0,49.166666666666664,0.0,146.625,1.0,1.0,0.0
chain,2,semantic,base,2,2,0,INDEPENDENT,4,24,0.0,0.0,0.0,0.375,-1.8805216550827026,194.0,0.0,49.166666666666664,146.625,2.0,2.0,0.0
chain,2,semantic,base,2,2,0,INDEPENDENT_LOO_0,4,24,0.0,0.0,0.0,0.3333333333333333,-1.9508627851804097,194.0,0.0,26.041666666666668,123.5,1.0,1.0,0.0
chain,2,semantic,base,2,2,0,INDEPENDENT_LOO_1,4,24,0.0,0.0,0.0,0.375,-1.1006451050440471,194.0,0.0,23.125,120.58333333333333,1.0,1.0,0.0
chain,2,semantic,base,2,2,0,JOINT,4,24,0.0,0.0,0.0,0.4583333333333333,-1.1701595882574718,194.0,0.0,48.875,146.33333333333334,2.0,2.0,0.0
chain,2,semantic,base,2,2,0,NATIVE,4,24,0.7916666666666666,0.0,0.7916666666666666,0.7916666666666666,2.648197037273842,194.0,194.0,0.0,291.4583333333333,2.0,2.0,0.0
chain,2,semantic,base,2,2,0,NATIVE_LOO_0,4,24,0.25,0.0,0.25,0.3333333333333333,-1.4515773723129162,194.0,102.41666666666667,0.0,199.875,1.0,1.0,0.0
chain,2,semantic,base,2,2,0,NATIVE_LOO_1,4,24,0.0,0.0,0.0,0.2916666666666667,-1.3756132125854492,194.0,91.58333333333333,0.0,189.04166666666666,1.0,1.0,0.0
chain,2,semantic,base,2,2,0,NOCTX,4,24,0.0,0.0,0.0,0.3333333333333333,-1.203100899855296,194.0,0.0,0.0,93.45833333333333,0.0,0.0,0.0
chain,2,semantic,base,2,2,0,RANDOM,4,24,0.0,0.0,0.0,0.375,-0.9663811524709066,194.0,0.0,49.166666666666664,146.625,2.0,0.0,2.0
chain,2,semantic,base,2,2,0,WRONGPAGE,4,24,0.0,0.0,0.0,0.16666666666666666,-2.3929045597712197,194.0,0.0,49.166666666666664,146.625,2.0,0.0,2.0
chain,2,semantic,first_middle,16,2,14,BUDGET,4,12,0.0,0.0,0.0,0.16666666666666666,-2.0963330268859863,1531.0,388.0833333333333,0.0,485.5833333333333,5.0,1.0,4.0
chain,2,semantic,first_middle,16,2,14,INDEPENDENT,4,12,0.0,0.0,0.0,0.25,-2.3817098140716553,1531.0,0.0,388.0833333333333,485.5833333333333,16.0,2.0,14.0
chain,2,semantic,first_middle,16,2,14,INDEPENDENT_LOO_0,4,12,0.0,0.0,0.0,0.25,-2.30601437886556,1531.0,0.0,364.9166666666667,462.4166666666667,15.0,1.0,14.0
chain,2,semantic,first_middle,16,2,14,INDEPENDENT_LOO_1,4,12,0.0,0.0,0.0,0.08333333333333333,-2.101624608039856,1531.0,0.0,362.0833333333333,459.5833333333333,15.0,1.0,14.0
chain,2,semantic,first_middle,16,2,14,JOINT,4,12,0.0,0.0,0.0,0.4166666666666667,-2.3429532647132874,1531.0,0.0,383.0833333333333,480.5833333333333,16.0,2.0,14.0
chain,2,semantic,first_middle,16,2,14,NATIVE,4,12,0.3333333333333333,0.0,0.3333333333333333,0.3333333333333333,-1.562496729687761,1531.0,1531.0,0.0,1628.5,16.0,2.0,14.0
chain,2,semantic,first_middle,16,2,14,NATIVE_LOO_0,4,12,0.08333333333333333,0.0,0.08333333333333333,0.25,-1.4447340536862612,1531.0,1439.0,0.0,1536.5,15.0,1.0,14.0
chain,2,semantic,first_middle,16,2,14,NATIVE_LOO_1,4,12,0.0,0.0,0.0,0.25,-2.001710812250773,1531.0,1428.25,0.0,1525.75,15.0,1.0,14.0
chain,2,semantic,first_middle,16,2,14,NOCTX,4,12,0.0,0.0,0.0,0.25,-1.7771692276000977,1531.0,0.0,0.0,93.5,0.0,0.0,0.0
chain,2,semantic,first_middle,16,2,14,RANDOM,4,12,0.0,0.0,0.0,0.08333333333333333,-1.9740783373514812,1531.0,0.0,388.0833333333333,485.5833333333333,16.0,0.0,16.0
chain,2,semantic,first_middle,16,2,14,WRONGPAGE,4,12,0.0,0.0,0.0,0.08333333333333333,-2.790933092435201,1531.0,0.0,388.0833333333333,485.5833333333333,16.0,0.0,16.0
chain,2,semantic,last_two,16,2,14,BUDGET,4,12,0.0,0.0,0.0,0.25,-1.5813586711883545,1531.0,388.0833333333333,0.0,485.5833333333333,4.916666666666667,0.0,4.916666666666667
chain,2,semantic,last_two,16,2,14,INDEPENDENT,4,12,0.0,0.0,0.0,0.25,-2.3011742432912192,1531.0,0.0,388.0833333333333,485.5833333333333,16.0,2.0,14.0
chain,2,semantic,last_two,16,2,14,INDEPENDENT_LOO_0,4,12,0.0,0.0,0.0,0.3333333333333333,-2.25518270333608,1531.0,0.0,364.9166666666667,462.4166666666667,15.0,1.0,14.0
chain,2,semantic,last_two,16,2,14,INDEPENDENT_LOO_1,4,12,0.0,0.0,0.0,0.08333333333333333,-2.1047579050064087,1531.0,0.0,362.0833333333333,459.5833333333333,15.0,1.0,14.0
chain,2,semantic,last_two,16,2,14,JOINT,4,12,0.0,0.0,0.0,0.16666666666666666,-2.6068795323371887,1531.0,0.0,383.0833333333333,480.5833333333333,16.0,2.0,14.0
chain,2,semantic,last_two,16,2,14,NATIVE,4,12,0.6666666666666666,0.0,0.6666666666666666,0.6666666666666666,1.4024292043232627,1531.0,1531.0,0.0,1628.5,16.0,2.0,14.0
chain,2,semantic,last_two,16,2,14,NATIVE_LOO_0,4,12,0.08333333333333333,0.0,0.08333333333333333,0.25,-1.0937855263085414,1531.0,1439.0,0.0,1536.5,15.0,1.0,14.0
chain,2,semantic,last_two,16,2,14,NATIVE_LOO_1,4,12,0.0,0.0,0.0,0.4166666666666667,-1.9527191321055095,1531.0,1428.25,0.0,1525.75,15.0,1.0,14.0
chain,2,semantic,last_two,16,2,14,NOCTX,4,12,0.0,0.0,0.0,0.25,-1.7771692276000977,1531.0,0.0,0.0,93.5,0.0,0.0,0.0
chain,2,semantic,last_two,16,2,14,RANDOM,4,12,0.0,0.0,0.0,0.16666666666666666,-1.7088984648386638,1531.0,0.0,388.0833333333333,485.5833333333333,16.0,0.0,16.0
chain,2,semantic,last_two,16,2,14,WRONGPAGE,4,12,0.0,0.0,0.0,0.08333333333333333,-2.801630655924479,1531.0,0.0,388.0833333333333,485.5833333333333,16.0,0.0,16.0
chain,2,semantic,middle_last,16,2,14,BUDGET,4,12,0.0,0.0,0.0,0.25,-1.5813586711883545,1531.0,388.0833333333333,0.0,485.5833333333333,4.916666666666667,0.0,4.916666666666667
chain,2,semantic,middle_last,16,2,14,INDEPENDENT,4,12,0.0,0.0,0.0,0.25,-2.3209498723347983,1531.0,0.0,388.0833333333333,485.5833333333333,16.0,2.0,14.0
chain,2,semantic,middle_last,16,2,14,INDEPENDENT_LOO_0,4,12,0.0,0.0,0.0,0.3333333333333333,-2.25518270333608,1531.0,0.0,364.9166666666667,462.4166666666667,15.0,1.0,14.0
chain,2,semantic,middle_last,16,2,14,INDEPENDENT_LOO_1,4,12,0.0,0.0,0.0,0.08333333333333333,-2.094242493311564,1531.0,0.0,362.0833333333333,459.5833333333333,15.0,1.0,14.0
chain,2,semantic,middle_last,16,2,14,JOINT,4,12,0.0,0.0,0.0,0.16666666666666666,-2.508892317612966,1531.0,0.0,383.0833333333333,480.5833333333333,16.0,2.0,14.0
chain,2,semantic,middle_last,16,2,14,NATIVE,4,12,0.5,0.08333333333333333,0.5,0.5,0.07359418431227027,1531.0,1531.0,0.0,1628.5,16.0,2.0,14.0
chain,2,semantic,middle_last,16,2,14,NATIVE_LOO_0,4,12,0.08333333333333333,0.0,0.08333333333333333,0.25,-1.0937855263085414,1531.0,1439.0,0.0,1536.5,15.0,1.0,14.0
chain,2,semantic,middle_last,16,2,14,NATIVE_LOO_1,4,12,0.0,0.0,0.0,0.25,-1.917147159576416,1531.0,1428.25,0.0,1525.75,15.0,1.0,14.0
chain,2,semantic,middle_last,16,2,14,NOCTX,4,12,0.0,0.0,0.0,0.25,-1.7771692276000977,1531.0,0.0,0.0,93.5,0.0,0.0,0.0
chain,2,semantic,middle_last,16,2,14,RANDOM,4,12,0.0,0.0,0.0,0.16666666666666666,-1.7791283925374348,1531.0,0.0,388.0833333333333,485.5833333333333,16.0,0.0,16.0
chain,2,semantic,middle_last,16,2,14,WRONGPAGE,4,12,0.0,0.0,0.0,0.08333333333333333,-2.7776129643122354,1531.0,0.0,388.0833333333333,485.5833333333333,16.0,0.0,16.0
chain,2,semantic,middle_middle,16,2,14,BUDGET,4,12,0.0,0.0,0.0,0.25,-1.5813586711883545,1531.0,388.0833333333333,0.0,485.5833333333333,4.916666666666667,0.0,4.916666666666667
chain,2,semantic,middle_middle,16,2,14,INDEPENDENT,4,12,0.0,0.0,0.0,0.25,-2.3973475297292075,1531.0,0.0,388.0833333333333,485.5833333333333,16.0,2.0,14.0
chain,2,semantic,middle_middle,16,2,14,INDEPENDENT_LOO_0,4,12,0.0,0.0,0.0,0.25,-2.30601437886556,1531.0,0.0,364.9166666666667,462.4166666666667,15.0,1.0,14.0
chain,2,semantic,middle_middle,16,2,14,INDEPENDENT_LOO_1,4,12,0.0,0.0,0.0,0.08333333333333333,-2.094242493311564,1531.0,0.0,362.0833333333333,459.5833333333333,15.0,1.0,14.0
chain,2,semantic,middle_middle,16,2,14,JOINT,4,12,0.0,0.0,0.0,0.4166666666666667,-2.4611966609954834,1531.0,0.0,383.0833333333333,480.5833333333333,16.0,2.0,14.0
chain,2,semantic,middle_middle,16,2,14,NATIVE,4,12,0.5833333333333334,0.08333333333333333,0.5833333333333334,0.5833333333333334,0.4089806352754219,1531.0,1531.0,0.0,1628.5,16.0,2.0,14.0
chain,2,semantic,middle_middle,16,2,14,NATIVE_LOO_0,4,12,0.08333333333333333,0.0,0.08333333333333333,0.25,-1.4447340536862612,1531.0,1439.0,0.0,1536.5,15.0,1.0,14.0
chain,2,semantic,middle_middle,16,2,14,NATIVE_LOO_1,4,12,0.0,0.0,0.0,0.25,-1.917147159576416,1531.0,1428.25,0.0,1525.75,15.0,1.0,14.0
chain,2,semantic,middle_middle,16,2,14,NOCTX,4,12,0.0,0.0,0.0,0.25,-1.7771692276000977,1531.0,0.0,0.0,93.5,0.0,0.0,0.0
chain,2,semantic,middle_middle,16,2,14,RANDOM,4,12,0.0,0.0,0.0,0.08333333333333333,-1.9058596293131511,1531.0,0.0,388.0833333333333,485.5833333333333,16.0,0.0,16.0
chain,2,semantic,middle_middle,16,2,14,WRONGPAGE,4,12,0.0,0.0,0.0,0.08333333333333333,-2.8002278010050454,1531.0,0.0,388.0833333333333,485.5833333333333,16.0,0.0,16.0
chain,2,semantic,pages_16,16,2,14,BUDGET,4,12,0.6666666666666666,0.08333333333333333,0.6666666666666666,0.6666666666666666,1.2804133842811847,1531.0,388.0833333333333,0.0,485.5833333333333,4.75,2.0,2.75
chain,2,semantic,pages_16,16,2,14,INDEPENDENT,4,12,0.0,0.0,0.0,0.25,-2.399901588757833,1531.0,0.0,388.0833333333333,485.5833333333333,16.0,2.0,14.0
chain,2,semantic,pages_16,16,2,14,INDEPENDENT_LOO_0,4,12,0.0,0.0,0.0,0.25,-2.3186328411102295,1531.0,0.0,364.9166666666667,462.4166666666667,15.0,1.0,14.0
chain,2,semantic,pages_16,16,2,14,INDEPENDENT_LOO_1,4,12,0.0,0.0,0.0,0.08333333333333333,-2.101624608039856,1531.0,0.0,362.0833333333333,459.5833333333333,15.0,1.0,14.0
chain,2,semantic,pages_16,16,2,14,JOINT,4,12,0.0,0.0,0.0,0.25,-2.015170713265737,1531.0,0.0,383.0833333333333,480.5833333333333,16.0,2.0,14.0
chain,2,semantic,pages_16,16,2,14,NATIVE,4,12,0.75,0.08333333333333333,0.75,0.75,1.6619359732944818,1531.0,1531.0,0.0,1628.5,16.0,2.0,14.0
chain,2,semantic,pages_16,16,2,14,NATIVE_LOO_0,4,12,0.16666666666666666,0.08333333333333333,0.16666666666666666,0.16666666666666666,-0.9493273808038794,1531.0,1439.0,0.0,1536.5,15.0,1.0,14.0
chain,2,semantic,pages_16,16,2,14,NATIVE_LOO_1,4,12,0.0,0.0,0.0,0.25,-2.001710812250773,1531.0,1428.25,0.0,1525.75,15.0,1.0,14.0
chain,2,semantic,pages_16,16,2,14,NOCTX,4,12,0.0,0.0,0.0,0.25,-1.7771692276000977,1531.0,0.0,0.0,93.5,0.0,0.0,0.0
chain,2,semantic,pages_16,16,2,14,RANDOM,4,12,0.0,0.0,0.0,0.08333333333333333,-1.8977296352386475,1531.0,0.0,388.0833333333333,485.5833333333333,16.0,0.0,16.0
chain,2,semantic,pages_16,16,2,14,WRONGPAGE,4,12,0.0,0.0,0.0,0.08333333333333333,-2.8019197384516397,1531.0,0.0,388.0833333333333,485.5833333333333,16.0,0.0,16.0
chain,2,semantic,pages_32,32,2,30,BUDGET,4,12,0.6666666666666666,0.0,0.6666666666666666,0.6666666666666666,0.6397913745235021,3063.6666666666665,776.9166666666666,0.0,874.4166666666666,8.916666666666666,2.0,6.916666666666667
chain,2,semantic,pages_32,32,2,30,INDEPENDENT,4,12,0.0,0.0,0.0,0.16666666666666666,-2.424878478050232,3063.6666666666665,0.0,776.9166666666666,874.4166666666666,32.0,2.0,30.0
chain,2,semantic,pages_32,32,2,30,INDEPENDENT_LOO_0,4,12,0.0,0.0,0.0,0.16666666666666666,-2.449000597000122,3063.6666666666665,0.0,753.75,851.25,31.0,1.0,30.0
chain,2,semantic,pages_32,32,2,30,INDEPENDENT_LOO_1,4,12,0.0,0.0,0.0,0.08333333333333333,-2.0780640045801797,3063.6666666666665,0.0,750.9166666666666,848.4166666666666,31.0,1.0,30.0
chain,2,semantic,pages_32,32,2,30,JOINT,4,12,0.0,0.0,0.0,0.25,-2.1505561073621116,3063.6666666666665,0.0,766.1666666666666,863.6666666666666,32.0,2.0,30.0
chain,2,semantic,pages_32,32,2,30,NATIVE,4,12,0.5833333333333334,0.08333333333333333,0.5833333333333334,0.5833333333333334,0.9272587408229628,3063.6666666666665,3063.6666666666665,0.0,3161.1666666666665,32.0,2.0,30.0
chain,2,semantic,pages_32,32,2,30,NATIVE_LOO_0,4,12,0.5,0.08333333333333333,0.5,0.3333333333333333,-0.5165653594303876,3063.6666666666665,2971.6666666666665,0.0,3069.1666666666665,31.0,1.0,30.0
chain,2,semantic,pages_32,32,2,30,NATIVE_LOO_1,4,12,0.0,0.0,0.0,0.25,-1.7843543688456218,3063.6666666666665,2960.9166666666665,0.0,3058.4166666666665,31.0,1.0,30.0
chain,2,semantic,pages_32,32,2,30,NOCTX,4,12,0.0,0.0,0.0,0.25,-1.7771692276000977,3063.6666666666665,0.0,0.0,93.5,0.0,0.0,0.0
chain,2,semantic,pages_32,32,2,30,RANDOM,4,12,0.0,0.0,0.0,0.08333333333333333,-1.778693397839864,3063.6666666666665,0.0,776.9166666666666,874.4166666666666,32.0,0.0,32.0
chain,2,semantic,pages_32,32,2,30,WRONGPAGE,4,12,0.0,0.0,0.0,0.16666666666666666,-2.528801163037618,3063.6666666666665,0.0,776.9166666666666,874.4166666666666,32.0,0.0,32.0
chain,2,semantic,pages_4,4,2,2,BUDGET,4,12,0.0,0.0,0.0,0.3333333333333333,-1.2792527675628662,385.9166666666667,97.58333333333333,0.0,195.08333333333334,2.0,2.0,0.0
chain,2,semantic,pages_4,4,2,2,INDEPENDENT,4,12,0.0,0.0,0.0,0.3333333333333333,-2.4917455514272056,385.9166666666667,0.0,97.58333333333333,195.08333333333334,4.0,2.0,2.0
chain,2,semantic,pages_4,4,2,2,INDEPENDENT_LOO_0,4,12,0.0,0.0,0.0,0.3333333333333333,-2.5102519591649375,385.9166666666667,0.0,74.41666666666667,171.91666666666666,3.0,1.0,2.0
chain,2,semantic,pages_4,4,2,2,INDEPENDENT_LOO_1,4,12,0.0,0.0,0.0,0.3333333333333333,-1.7764302094777424,385.9166666666667,0.0,71.58333333333333,169.08333333333334,3.0,1.0,2.0
chain,2,semantic,pages_4,4,2,2,JOINT,4,12,0.0,0.0,0.0,0.3333333333333333,-2.1266626119613647,385.9166666666667,0.0,96.83333333333333,194.33333333333334,4.0,2.0,2.0
chain,2,semantic,pages_4,4,2,2,NATIVE,4,12,0.5833333333333334,0.0,0.5833333333333334,0.5833333333333334,0.890978773992784,385.9166666666667,385.9166666666667,0.0,483.4166666666667,4.0,2.0,2.0
chain,2,semantic,pages_4,4,2,2,NATIVE_LOO_0,4,12,0.08333333333333333,0.0,0.08333333333333333,0.0,-1.7756413241010403,385.9166666666667,293.9166666666667,0.0,391.4166666666667,3.0,1.0,2.0
chain,2,semantic,pages_4,4,2,2,NATIVE_LOO_1,4,12,0.0,0.0,0.0,0.3333333333333333,-1.921371062596639,385.9166666666667,283.1666666666667,0.0,380.6666666666667,3.0,1.0,2.0
chain,2,semantic,pages_4,4,2,2,NOCTX,4,12,0.0,0.0,0.0,0.25,-1.7771692276000977,385.9166666666667,0.0,0.0,93.5,0.0,0.0,0.0
chain,2,semantic,pages_4,4,2,2,RANDOM,4,12,0.0,0.0,0.0,0.16666666666666666,-1.6696583429972331,385.9166666666667,0.0,97.58333333333333,195.08333333333334,4.0,0.0,4.0
chain,2,semantic,pages_4,4,2,2,WRONGPAGE,4,12,0.0,0.0,0.0,0.16666666666666666,-3.017192522684733,385.9166666666667,0.0,97.58333333333333,195.08333333333334,4.0,0.0,4.0
chain,2,semantic,pages_8,8,2,6,BUDGET,4,12,0.8333333333333334,0.0,0.8333333333333334,0.8333333333333334,2.294915142891,768.0833333333334,194.5,0.0,292.0,2.4166666666666665,2.0,0.4166666666666667
chain,2,semantic,pages_8,8,2,6,INDEPENDENT,4,12,0.0,0.0,0.0,0.3333333333333333,-2.308113137880961,768.0833333333334,0.0,194.5,292.0,8.0,2.0,6.0
chain,2,semantic,pages_8,8,2,6,INDEPENDENT_LOO_0,4,12,0.0,0.0,0.0,0.3333333333333333,-2.3556921084721885,768.0833333333334,0.0,171.33333333333334,268.8333333333333,7.0,1.0,6.0
chain,2,semantic,pages_8,8,2,6,INDEPENDENT_LOO_1,4,12,0.0,0.0,0.0,0.16666666666666666,-1.9783788124720256,768.0833333333334,0.0,168.5,266.0,7.0,1.0,6.0
chain,2,semantic,pages_8,8,2,6,JOINT,4,12,0.0,0.0,0.0,0.25,-1.9815609256426494,768.0833333333334,0.0,192.41666666666666,289.9166666666667,8.0,2.0,6.0
chain,2,semantic,pages_8,8,2,6,NATIVE,4,12,0.5,0.0,0.5,0.5,0.5135014041127329,768.0833333333334,768.0833333333334,0.0,865.5833333333334,8.0,2.0,6.0
chain,2,semantic,pages_8,8,2,6,NATIVE_LOO_0,4,12,0.4166666666666667,0.16666666666666666,0.4166666666666667,0.16666666666666666,-1.3592678474306013,768.0833333333334,676.0833333333334,0.0,773.5833333333334,7.0,1.0,6.0
chain,2,semantic,pages_8,8,2,6,NATIVE_LOO_1,4,12,0.0,0.0,0.0,0.16666666666666666,-1.92221204439799,768.0833333333334,665.3333333333334,0.0,762.8333333333334,7.0,1.0,6.0
chain,2,semantic,pages_8,8,2,6,NOCTX,4,12,0.0,0.0,0.0,0.25,-1.7771692276000977,768.0833333333334,0.0,0.0,93.5,0.0,0.0,0.0
chain,2,semantic,pages_8,8,2,6,RANDOM,4,12,0.0,0.0,0.0,0.08333333333333333,-1.8748393456141155,768.0833333333334,0.0,194.5,292.0,8.0,0.0,8.0
chain,2,semantic,pages_8,8,2,6,WRONGPAGE,4,12,0.0,0.0,0.0,0.08333333333333333,-2.9667564630508423,768.0833333333334,0.0,194.5,292.0,8.0,0.0,8.0
chain,3,hash,base,3,3,0,BUDGET,4,6,0.0,0.0,0.0,0.0,-0.45512978235880536,328.1666666666667,83.16666666666667,0.0,183.83333333333334,1.0,1.0,0.0
chain,3,hash,base,3,3,0,INDEPENDENT,4,6,0.0,0.0,0.0,0.0,-1.1786348273356755,328.1666666666667,0.0,83.16666666666667,183.83333333333334,3.0,3.0,0.0
chain,3,hash,base,3,3,0,INDEPENDENT_LOO_0,4,6,0.0,0.0,0.0,0.0,-1.2116524030764897,328.1666666666667,0.0,59.833333333333336,160.5,2.0,2.0,0.0
chain,3,hash,base,3,3,0,INDEPENDENT_LOO_1,4,6,0.0,0.0,0.0,0.0,-1.2371497948964436,328.1666666666667,0.0,60.333333333333336,161.0,2.0,2.0,0.0
chain,3,hash,base,3,3,0,INDEPENDENT_LOO_2,4,6,0.0,0.0,0.0,0.16666666666666666,-0.2898871898651123,328.1666666666667,0.0,46.166666666666664,146.83333333333334,2.0,2.0,0.0
chain,3,hash,base,3,3,0,JOINT,4,6,0.0,0.0,0.0,0.0,-1.170443631708622,328.1666666666667,0.0,82.33333333333333,183.0,3.0,3.0,0.0
chain,3,hash,base,3,3,0,NATIVE,4,6,0.3333333333333333,0.3333333333333333,0.3333333333333333,0.5,0.37155230648219345,328.1666666666667,328.1666666666667,0.0,428.8333333333333,3.0,3.0,0.0
chain,3,hash,base,3,3,0,NATIVE_LOO_0,4,6,0.0,0.0,0.0,0.0,-1.2801931864041762,328.1666666666667,236.33333333333334,0.0,337.0,2.0,2.0,0.0
chain,3,hash,base,3,3,0,NATIVE_LOO_1,4,6,0.16666666666666666,0.0,0.16666666666666666,0.16666666666666666,-1.0486734154910664,328.1666666666667,238.5,0.0,339.1666666666667,2.0,2.0,0.0
chain,3,hash,base,3,3,0,NATIVE_LOO_2,4,6,0.0,0.0,0.0,0.16666666666666666,-0.5596633354822794,328.1666666666667,181.5,0.0,282.1666666666667,2.0,2.0,0.0
chain,3,hash,base,3,3,0,NOCTX,4,6,0.0,0.0,0.0,0.16666666666666666,-0.5374179283777872,328.1666666666667,0.0,0.0,96.66666666666667,0.0,0.0,0.0
chain,3,hash,base,3,3,0,RANDOM,4,6,0.0,0.0,0.0,0.3333333333333333,-0.25977909564971924,328.1666666666667,0.0,83.16666666666667,183.83333333333334,3.0,0.0,3.0
chain,3,hash,base,3,3,0,WRONGPAGE,4,6,0.0,0.0,0.0,0.16666666666666666,-0.3635409673055013,328.1666666666667,0.0,83.16666666666667,183.83333333333334,3.0,0.0,3.0
chain,3,identifier,base,3,3,0,BUDGET,4,6,0.0,0.0,0.0,0.16666666666666666,-0.6505715847015381,308.5,78.33333333333333,0.0,178.66666666666666,1.0,1.0,0.0
chain,3,identifier,base,3,3,0,INDEPENDENT,4,6,0.0,0.0,0.0,0.0,-0.8422249058882395,308.5,0.0,78.33333333333333,178.66666666666666,3.0,3.0,0.0
chain,3,identifier,base,3,3,0,INDEPENDENT_LOO_0,4,6,0.0,0.0,0.0,0.0,-0.8449067374070486,308.5,0.0,54.833333333333336,155.16666666666666,2.0,2.0,0.0
chain,3,identifier,base,3,3,0,INDEPENDENT_LOO_1,4,6,0.0,0.0,0.0,0.0,-0.8814634482065836,308.5,0.0,55.5,155.83333333333334,2.0,2.0,0.0
chain,3,identifier,base,3,3,0,INDEPENDENT_LOO_2,4,6,0.0,0.0,0.0,0.0,-0.7044974168141683,308.5,0.0,46.333333333333336,146.66666666666666,2.0,2.0,0.0
chain,3,identifier,base,3,3,0,JOINT,4,6,0.0,0.0,0.0,0.3333333333333333,-1.3293067514896393,308.5,0.0,77.33333333333333,177.66666666666666,3.0,3.0,0.0
chain,3,identifier,base,3,3,0,NATIVE,4,6,0.8333333333333334,0.5,0.8333333333333334,0.8333333333333334,1.8497871536410144,308.5,308.5,0.0,408.8333333333333,3.0,3.0,0.0
chain,3,identifier,base,3,3,0,NATIVE_LOO_0,4,6,0.16666666666666666,0.16666666666666666,0.16666666666666666,0.3333333333333333,-1.0743362652525168,308.5,216.5,0.0,316.8333333333333,2.0,2.0,0.0
chain,3,identifier,base,3,3,0,NATIVE_LOO_1,4,6,0.3333333333333333,0.16666666666666666,0.3333333333333333,0.3333333333333333,-0.9310094515482584,308.5,218.83333333333334,0.0,319.1666666666667,2.0,2.0,0.0
chain,3,identifier,base,3,3,0,NATIVE_LOO_2,4,6,0.0,0.0,0.0,0.16666666666666666,-0.5931077003479004,308.5,181.66666666666666,0.0,282.0,2.0,2.0,0.0
chain,3,identifier,base,3,3,0,NOCTX,4,6,0.0,0.0,0.0,0.16666666666666666,-0.5708444913228353,308.5,0.0,0.0,96.33333333333333,0.0,0.0,0.0
chain,3,identifier,base,3,3,0,RANDOM,4,6,0.0,0.0,0.0,0.0,-0.6237956682840983,308.5,0.0,78.33333333333333,178.66666666666666,3.0,0.0,3.0
chain,3,identifier,base,3,3,0,WRONGPAGE,4,6,0.0,0.0,0.0,0.0,-0.6395942370096842,308.5,0.0,78.33333333333333,178.66666666666666,3.0,0.0,3.0
chain,3,number,base,3,3,0,BUDGET,4,6,0.0,0.0,0.0,0.16666666666666666,-0.3069659074147542,300.3333333333333,76.16666666666667,0.0,177.16666666666666,1.0,1.0,0.0
chain,3,number,base,3,3,0,INDEPENDENT,4,6,0.0,0.0,0.0,0.16666666666666666,-1.203040103117625,300.3333333333333,0.0,76.16666666666667,177.16666666666666,3.0,3.0,0.0
chain,3,number,base,3,3,0,INDEPENDENT_LOO_0,4,6,0.0,0.0,0.0,0.16666666666666666,-1.4601908922195435,300.3333333333333,0.0,52.5,153.5,2.0,2.0,0.0
chain,3,number,base,3,3,0,INDEPENDENT_LOO_1,4,6,0.0,0.0,0.0,0.16666666666666666,-1.2240423013766606,300.3333333333333,0.0,53.666666666666664,154.66666666666666,2.0,2.0,0.0
chain,3,number,base,3,3,0,INDEPENDENT_LOO_2,4,6,0.0,0.0,0.0,0.3333333333333333,-0.14209802945454916,300.3333333333333,0.0,46.166666666666664,147.16666666666666,2.0,2.0,0.0
chain,3,number,base,3,3,0,JOINT,4,6,0.0,0.0,0.0,0.16666666666666666,-1.0650568455457687,300.3333333333333,0.0,75.5,176.5,3.0,3.0,0.0
chain,3,number,base,3,3,0,NATIVE,4,6,0.6666666666666666,0.6666666666666666,0.6666666666666666,0.6666666666666666,1.1469561887941548,300.3333333333333,300.3333333333333,0.0,401.3333333333333,3.0,3.0,0.0
chain,3,number,base,3,3,0,NATIVE_LOO_0,4,6,0.0,0.0,0.0,0.0,-2.8965069303873556,300.3333333333333,207.5,0.0,308.5,2.0,2.0,0.0
chain,3,number,base,3,3,0,NATIVE_LOO_1,4,6,0.16666666666666666,0.16666666666666666,0.16666666666666666,0.16666666666666666,-2.298219069477758,300.3333333333333,210.83333333333334,0.0,311.8333333333333,2.0,2.0,0.0
chain,3,number,base,3,3,0,NATIVE_LOO_2,4,6,0.0,0.0,0.0,0.3333333333333333,-0.16937176386515299,300.3333333333333,182.33333333333334,0.0,283.3333333333333,2.0,2.0,0.0
chain,3,number,base,3,3,0,NOCTX,4,6,0.0,0.0,0.0,0.3333333333333333,-0.3039187590281169,300.3333333333333,0.0,0.0,97.0,0.0,0.0,0.0
chain,3,number,base,3,3,0,RANDOM,4,6,0.0,0.0,0.0,0.3333333333333333,-0.0936042070388794,300.3333333333333,0.0,76.16666666666667,177.16666666666666,3.0,0.0,3.0
chain,3,number,base,3,3,0,WRONGPAGE,4,6,0.0,0.0,0.0,0.3333333333333333,-0.2604031165440877,300.3333333333333,0.0,76.16666666666667,177.16666666666666,3.0,0.0,3.0
chain,3,semantic,base,3,3,0,BUDGET,4,6,0.0,0.0,0.0,0.16666666666666666,-1.4854200681050618,285.0,72.33333333333333,0.0,174.16666666666666,1.0,1.0,0.0
chain,3,semantic,base,3,3,0,INDEPENDENT,4,6,0.0,0.0,0.0,0.3333333333333333,-2.035946846008301,285.0,0.0,72.33333333333333,174.16666666666666,3.0,3.0,0.0
chain,3,semantic,base,3,3,0,INDEPENDENT_LOO_0,4,6,0.0,0.0,0.0,0.3333333333333333,-2.1502339839935303,285.0,0.0,48.833333333333336,150.66666666666666,2.0,2.0,0.0
chain,3,semantic,base,3,3,0,INDEPENDENT_LOO_1,4,6,0.0,0.0,0.0,0.3333333333333333,-1.9980475505193074,285.0,0.0,49.5,151.33333333333334,2.0,2.0,0.0
chain,3,semantic,base,3,3,0,INDEPENDENT_LOO_2,4,6,0.0,0.0,0.0,0.0,-2.271646738052368,285.0,0.0,46.333333333333336,148.16666666666666,2.0,2.0,0.0
chain,3,semantic,base,3,3,0,JOINT,4,6,0.0,0.0,0.0,0.16666666666666666,-1.7838843663533528,285.0,0.0,71.5,173.33333333333334,3.0,3.0,0.0
chain,3,semantic,base,3,3,0,NATIVE,4,6,0.3333333333333333,0.0,0.3333333333333333,0.3333333333333333,-0.8730356660601046,285.0,285.0,0.0,386.8333333333333,3.0,3.0,0.0
chain,3,semantic,base,3,3,0,NATIVE_LOO_0,4,6,0.16666666666666666,0.16666666666666666,0.16666666666666666,0.3333333333333333,-1.0737042748368755,285.0,192.83333333333334,0.0,294.6666666666667,2.0,2.0,0.0
chain,3,semantic,base,3,3,0,NATIVE_LOO_1,4,6,0.3333333333333333,0.0,0.3333333333333333,0.3333333333333333,-1.416437520858229,285.0,194.83333333333334,0.0,296.6666666666667,2.0,2.0,0.0
chain,3,semantic,base,3,3,0,NATIVE_LOO_2,4,6,0.0,0.0,0.0,0.16666666666666666,-1.9533333778381348,285.0,182.33333333333334,0.0,284.1666666666667,2.0,2.0,0.0
chain,3,semantic,base,3,3,0,NOCTX,4,6,0.0,0.0,0.0,0.3333333333333333,-0.5719536940256754,285.0,0.0,0.0,97.83333333333333,0.0,0.0,0.0
chain,3,semantic,base,3,3,0,RANDOM,4,6,0.0,0.0,0.0,0.0,-2.1417790253957114,285.0,0.0,72.33333333333333,174.16666666666666,3.0,0.0,3.0
chain,3,semantic,base,3,3,0,WRONGPAGE,4,6,0.0,0.0,0.0,0.16666666666666666,-2.2186495463053384,285.0,0.0,72.33333333333333,174.16666666666666,3.0,0.0,3.0
chain,4,hash,base,4,4,0,BUDGET,4,6,0.0,0.0,0.0,0.5,-1.1095318794250488,419.6666666666667,106.5,0.0,211.33333333333334,2.0,2.0,0.0
chain,4,hash,base,4,4,0,INDEPENDENT,4,6,0.0,0.0,0.0,0.16666666666666666,-0.9841997176408768,419.6666666666667,0.0,106.5,211.33333333333334,4.0,4.0,0.0
chain,4,hash,base,4,4,0,INDEPENDENT_LOO_0,4,6,0.0,0.0,0.0,0.16666666666666666,-0.930449957648913,419.6666666666667,0.0,83.0,187.83333333333334,3.0,3.0,0.0
chain,4,hash,base,4,4,0,INDEPENDENT_LOO_1,4,6,0.0,0.0,0.0,0.16666666666666666,-0.8991182744503021,419.6666666666667,0.0,84.0,188.83333333333334,3.0,3.0,0.0
chain,4,hash,base,4,4,0,INDEPENDENT_LOO_2,4,6,0.0,0.0,0.0,0.16666666666666666,-0.913679912686348,419.6666666666667,0.0,83.0,187.83333333333334,3.0,3.0,0.0
chain,4,hash,base,4,4,0,INDEPENDENT_LOO_3,4,6,0.0,0.0,0.0,0.5,-0.6388179461161295,419.6666666666667,0.0,69.5,174.33333333333334,3.0,3.0,0.0
chain,4,hash,base,4,4,0,JOINT,4,6,0.0,0.0,0.0,0.16666666666666666,-1.075897440314293,419.6666666666667,0.0,105.33333333333333,210.16666666666666,4.0,4.0,0.0
chain,4,hash,base,4,4,0,NATIVE,4,6,0.0,0.0,0.0,0.16666666666666666,-0.9875946782117353,419.6666666666667,419.6666666666667,0.0,524.5,4.0,4.0,0.0
chain,4,hash,base,4,4,0,NATIVE_LOO_0,4,6,0.16666666666666666,0.0,0.16666666666666666,0.16666666666666666,-0.7988937363949763,419.6666666666667,328.3333333333333,0.0,433.1666666666667,3.0,3.0,0.0
chain,4,hash,base,4,4,0,NATIVE_LOO_1,4,6,0.0,0.0,0.0,0.16666666666666666,-1.4004262342357,419.6666666666667,331.0,0.0,435.8333333333333,3.0,3.0,0.0
chain,4,hash,base,4,4,0,NATIVE_LOO_2,4,6,0.0,0.0,0.0,0.16666666666666666,-1.1575218313100912,419.6666666666667,327.3333333333333,0.0,432.1666666666667,3.0,3.0,0.0
chain,4,hash,base,4,4,0,NATIVE_LOO_3,4,6,0.0,0.0,0.0,0.5,-1.299967368443807,419.6666666666667,272.3333333333333,0.0,377.1666666666667,3.0,3.0,0.0
chain,4,hash,base,4,4,0,NOCTX,4,6,0.0,0.0,0.0,0.5,-0.8220165173212687,419.6666666666667,0.0,0.0,100.83333333333333,0.0,0.0,0.0
chain,4,hash,base,4,4,0,RANDOM,4,6,0.0,0.0,0.0,0.3333333333333333,-0.5658142964045206,419.6666666666667,0.0,106.5,211.33333333333334,4.0,0.0,4.0
chain,4,hash,base,4,4,0,WRONGPAGE,4,6,0.0,0.0,0.0,0.3333333333333333,-0.7860252062479655,419.6666666666667,0.0,106.5,211.33333333333334,4.0,0.0,4.0
chain,4,identifier,base,4,4,0,BUDGET,4,6,0.0,0.0,0.0,0.0,-0.6404320398966471,396.5,100.33333333333333,0.0,204.83333333333334,2.0,2.0,0.0
chain,4,identifier,base,4,4,0,INDEPENDENT,4,6,0.0,0.0,0.0,0.5,-0.3729262749354045,396.5,0.0,100.33333333333333,204.83333333333334,4.0,4.0,0.0
chain,4,identifier,base,4,4,0,INDEPENDENT_LOO_0,4,6,0.0,0.0,0.0,0.5,-0.3847751220067342,396.5,0.0,77.16666666666667,181.66666666666666,3.0,3.0,0.0
chain,4,identifier,base,4,4,0,INDEPENDENT_LOO_1,4,6,0.0,0.0,0.0,0.5,-0.41820742686589557,396.5,0.0,78.0,182.5,3.0,3.0,0.0
chain,4,identifier,base,4,4,0,INDEPENDENT_LOO_2,4,6,0.0,0.0,0.0,0.5,-0.48452651500701904,396.5,0.0,77.5,182.0,3.0,3.0,0.0
chain,4,identifier,base,4,4,0,INDEPENDENT_LOO_3,4,6,0.0,0.0,0.0,0.0,-0.5535662571589152,396.5,0.0,68.33333333333333,172.83333333333334,3.0,3.0,0.0
chain,4,identifier,base,4,4,0,JOINT,4,6,0.0,0.0,0.0,0.5,-0.37051259477933246,396.5,0.0,99.5,204.0,4.0,4.0,0.0
chain,4,identifier,base,4,4,0,NATIVE,4,6,0.3333333333333333,0.3333333333333333,0.3333333333333333,0.3333333333333333,0.03240602292957995,396.5,396.5,0.0,501.0,4.0,4.0,0.0
chain,4,identifier,base,4,4,0,NATIVE_LOO_0,4,6,0.5,0.5,0.5,0.5,-0.1274094515456833,396.5,305.5,0.0,410.0,3.0,3.0,0.0
chain,4,identifier,base,4,4,0,NATIVE_LOO_1,4,6,0.16666666666666666,0.16666666666666666,0.16666666666666666,0.16666666666666666,-1.0278134932625562,396.5,309.0,0.0,413.5,3.0,3.0,0.0
chain,4,identifier,base,4,4,0,NATIVE_LOO_2,4,6,0.5,0.5,0.5,0.5,-0.03472219131598268,396.5,305.3333333333333,0.0,409.8333333333333,3.0,3.0,0.0
chain,4,identifier,base,4,4,0,NATIVE_LOO_3,4,6,0.0,0.0,0.0,0.16666666666666666,-0.5239350001017252,396.5,269.6666666666667,0.0,374.1666666666667,3.0,3.0,0.0
chain,4,identifier,base,4,4,0,NOCTX,4,6,0.0,0.0,0.0,0.3333333333333333,-0.4121435880661011,396.5,0.0,0.0,100.5,0.0,0.0,0.0
chain,4,identifier,base,4,4,0,RANDOM,4,6,0.0,0.0,0.0,0.0,-0.32479385534922284,396.5,0.0,100.33333333333333,204.83333333333334,4.0,0.0,4.0
chain,4,identifier,base,4,4,0,WRONGPAGE,4,6,0.0,0.0,0.0,0.0,-0.6722830136617025,396.5,0.0,100.33333333333333,204.83333333333334,4.0,0.0,4.0
chain,4,number,base,4,4,0,BUDGET,4,6,0.0,0.0,0.0,0.5,-0.1326566537221273,392.1666666666667,99.33333333333333,0.0,204.0,2.0,2.0,0.0
chain,4,number,base,4,4,0,INDEPENDENT,4,6,0.0,0.0,0.0,0.3333333333333333,0.024330233534177143,392.1666666666667,0.0,99.33333333333333,204.0,4.0,4.0,0.0
chain,4,number,base,4,4,0,INDEPENDENT_LOO_0,4,6,0.0,0.0,0.0,0.3333333333333333,-0.28160815437634784,392.1666666666667,0.0,75.83333333333333,180.5,3.0,3.0,0.0
chain,4,number,base,4,4,0,INDEPENDENT_LOO_1,4,6,0.0,0.0,0.0,0.3333333333333333,0.05776121218999227,392.1666666666667,0.0,76.66666666666667,181.33333333333334,3.0,3.0,0.0
chain,4,number,base,4,4,0,INDEPENDENT_LOO_2,4,6,0.0,0.0,0.0,0.5,-0.10461298127969106,392.1666666666667,0.0,76.0,180.66666666666666,3.0,3.0,0.0
chain,4,number,base,4,4,0,INDEPENDENT_LOO_3,4,6,0.0,0.0,0.0,0.16666666666666666,-0.20103490352630615,392.1666666666667,0.0,69.5,174.16666666666666,3.0,3.0,0.0
chain,4,number,base,4,4,0,JOINT,4,6,0.0,0.0,0.0,0.6666666666666666,-0.11588363846143086,392.1666666666667,0.0,98.5,203.16666666666666,4.0,4.0,0.0
chain,4,number,base,4,4,0,NATIVE,4,6,0.5,0.5,0.5,0.5,-1.0701102316391673,392.1666666666667,392.1666666666667,0.0,496.8333333333333,4.0,4.0,0.0
chain,4,number,base,4,4,0,NATIVE_LOO_0,4,6,0.16666666666666666,0.16666666666666666,0.16666666666666666,0.16666666666666666,-1.9509954268190388,392.1666666666667,299.5,0.0,404.1666666666667,3.0,3.0,0.0
chain,4,number,base,4,4,0,NATIVE_LOO_1,4,6,0.3333333333333333,0.3333333333333333,0.3333333333333333,0.3333333333333333,-1.6805557868827463,392.1666666666667,302.6666666666667,0.0,407.3333333333333,3.0,3.0,0.0
chain,4,number,base,4,4,0,NATIVE_LOO_2,4,6,0.3333333333333333,0.3333333333333333,0.3333333333333333,0.3333333333333333,-1.5283156819253538,392.1666666666667,300.5,0.0,405.1666666666667,3.0,3.0,0.0
chain,4,number,base,4,4,0,NATIVE_LOO_3,4,6,0.0,0.0,0.0,0.6666666666666666,-0.05579257011413574,392.1666666666667,273.8333333333333,0.0,378.5,3.0,3.0,0.0
chain,4,number,base,4,4,0,NOCTX,4,6,0.0,0.0,0.0,0.5,0.08135175704956055,392.1666666666667,0.0,0.0,100.66666666666667,0.0,0.0,0.0
chain,4,number,base,4,4,0,RANDOM,4,6,0.0,0.0,0.0,0.16666666666666666,-0.21484275658925375,392.1666666666667,0.0,99.33333333333333,204.0,4.0,0.0,4.0
chain,4,number,base,4,4,0,WRONGPAGE,4,6,0.0,0.0,0.0,0.5,-0.5242127577463785,392.1666666666667,0.0,99.33333333333333,204.0,4.0,0.0,4.0
chain,4,semantic,base,4,4,0,BUDGET,4,6,0.0,0.0,0.0,0.0,-4.2589545249938965,376.1666666666667,95.33333333333333,0.0,201.5,1.6666666666666667,1.6666666666666667,0.0
chain,4,semantic,base,4,4,0,INDEPENDENT,4,6,0.0,0.0,0.0,0.16666666666666666,-3.362134059270223,376.1666666666667,0.0,95.33333333333333,201.5,4.0,4.0,0.0
chain,4,semantic,base,4,4,0,INDEPENDENT_LOO_0,4,6,0.0,0.0,0.0,0.16666666666666666,-3.4711344242095947,376.1666666666667,0.0,71.83333333333333,178.0,3.0,3.0,0.0
chain,4,semantic,base,4,4,0,INDEPENDENT_LOO_1,4,6,0.0,0.0,0.0,0.16666666666666666,-3.535292307535807,376.1666666666667,0.0,72.5,178.66666666666666,3.0,3.0,0.0
chain,4,semantic,base,4,4,0,INDEPENDENT_LOO_2,4,6,0.0,0.0,0.0,0.16666666666666666,-3.296271324157715,376.1666666666667,0.0,72.16666666666667,178.33333333333334,3.0,3.0,0.0
chain,4,semantic,base,4,4,0,INDEPENDENT_LOO_3,4,6,0.0,0.0,0.0,0.0,-2.2744151751200357,376.1666666666667,0.0,69.5,175.66666666666666,3.0,3.0,0.0
chain,4,semantic,base,4,4,0,JOINT,4,6,0.0,0.0,0.0,0.16666666666666666,-2.496379574139913,376.1666666666667,0.0,94.16666666666667,200.33333333333334,4.0,4.0,0.0
chain,4,semantic,base,4,4,0,NATIVE,4,6,0.16666666666666666,0.0,0.16666666666666666,0.16666666666666666,-2.8466725216664295,376.1666666666667,376.1666666666667,0.0,482.3333333333333,4.0,4.0,0.0
chain,4,semantic,base,4,4,0,NATIVE_LOO_0,4,6,0.3333333333333333,0.0,0.3333333333333333,0.3333333333333333,-0.7708847166789686,376.1666666666667,283.3333333333333,0.0,389.5,3.0,3.0,0.0
chain,4,semantic,base,4,4,0,NATIVE_LOO_1,4,6,0.16666666666666666,0.0,0.16666666666666666,0.16666666666666666,-2.929815076703259,376.1666666666667,286.6666666666667,0.0,392.8333333333333,3.0,3.0,0.0
chain,4,semantic,base,4,4,0,NATIVE_LOO_2,4,6,0.3333333333333333,0.0,0.3333333333333333,0.3333333333333333,-1.0486237478398834,376.1666666666667,284.6666666666667,0.0,390.8333333333333,3.0,3.0,0.0
chain,4,semantic,base,4,4,0,NATIVE_LOO_3,4,6,0.0,0.0,0.0,0.0,-3.6274131139119468,376.1666666666667,273.8333333333333,0.0,380.0,3.0,3.0,0.0
chain,4,semantic,base,4,4,0,NOCTX,4,6,0.0,0.0,0.0,0.0,-3.1206536293029785,376.1666666666667,0.0,0.0,102.16666666666667,0.0,0.0,0.0
chain,4,semantic,base,4,4,0,RANDOM,4,6,0.0,0.0,0.0,0.0,-2.36933970451355,376.1666666666667,0.0,95.33333333333333,201.5,4.0,0.0,4.0
chain,4,semantic,base,4,4,0,WRONGPAGE,4,6,0.0,0.0,0.0,0.0,-3.9133320649464927,376.1666666666667,0.0,95.33333333333333,201.5,4.0,0.0,4.0
order,0,semantic,base,4,2,2,BUDGET,4,12,0.0,0.0,0.0,0.0,-7.9212873329718905,209.16666666666666,53.166666666666664,0.0,157.33333333333334,1.8333333333333333,0.8333333333333334,1.0
order,0,semantic,base,4,2,2,INDEPENDENT,4,12,0.0,0.0,0.0,0.0,-3.298632170733375,209.16666666666666,0.0,53.166666666666664,157.33333333333334,4.0,2.0,2.0
order,0,semantic,base,4,2,2,JOINT,4,12,0.0,0.0,0.0,0.08333333333333333,-3.7935591716880785,209.16666666666666,0.0,52.833333333333336,157.0,4.0,2.0,2.0
order,0,semantic,base,4,2,2,NATIVE,4,12,1.0,0.0,1.0,1.0,2.7716971415591325,209.16666666666666,209.16666666666666,0.0,313.3333333333333,4.0,2.0,2.0
order,0,semantic,base,4,2,2,NOCTX,4,12,0.0,0.0,0.0,0.08333333333333333,-4.281053601531312,209.16666666666666,0.0,0.0,100.16666666666667,0.0,0.0,0.0
order,0,semantic,base,4,2,2,RANDOM,4,12,0.0,0.0,0.0,0.0,-4.363390608841049,209.16666666666666,0.0,53.166666666666664,157.33333333333334,4.0,0.0,4.0
order,0,semantic,base,4,2,2,WRONGPAGE,4,12,0.0,0.0,0.0,0.0,-3.8123553945915774,209.16666666666666,0.0,53.166666666666664,157.33333333333334,4.0,0.0,4.0
order,0,semantic,shuffled,4,2,2,BUDGET,4,12,0.0,0.0,0.0,0.0,-8.939158235987028,209.16666666666666,53.166666666666664,0.0,157.33333333333334,1.8333333333333333,0.8333333333333334,1.0
order,0,semantic,shuffled,4,2,2,INDEPENDENT,4,12,0.0,0.0,0.0,0.0,-3.328881650522817,209.16666666666666,0.0,53.166666666666664,157.33333333333334,4.0,2.0,2.0
order,0,semantic,shuffled,4,2,2,JOINT,4,12,0.0,0.0,0.0,0.0,-3.381632610986344,209.16666666666666,0.0,52.833333333333336,157.0,4.0,2.0,2.0
order,0,semantic,shuffled,4,2,2,NATIVE,4,12,1.0,0.0,1.0,1.0,2.1898646838197986,209.16666666666666,209.16666666666666,0.0,313.3333333333333,4.0,2.0,2.0
order,0,semantic,shuffled,4,2,2,NOCTX,4,12,0.0,0.0,0.0,0.0,-4.1243298141441,209.16666666666666,0.0,0.0,100.16666666666667,0.0,0.0,0.0
order,0,semantic,shuffled,4,2,2,RANDOM,4,12,0.0,0.0,0.0,0.0,-4.516434835541683,209.16666666666666,0.0,53.166666666666664,157.33333333333334,4.0,0.0,4.0
order,0,semantic,shuffled,4,2,2,WRONGPAGE,4,12,0.0,0.0,0.0,0.0,-3.882293452634864,209.16666666666666,0.0,53.166666666666664,157.33333333333334,4.0,0.0,4.0
